position;WT_codon;distance;AAG;AAT;ACG;ACT;AGG;AGT;ATG;ATT;CAG;CAT;CCG;CCT;CGG;CGT;CTG;CTT;GAG;GAT;GCG;GCT;GGG;GGT;GTG;GTT;TAT;TCG;TCT;TGG;TGT;TTG;TTT
VH:N31;AAC;46;0;104;529;350;16;56;59;553;;87;0;0;24;5;14;48;14;459;57;53;18;8;782;598;35;27;72;74;11;9;47
VH:Y32;TAC;68;3;72;15;11;590;0;305;14;5;;28;0;722;661;7;8;0;10;8;3;5;1;9;4;96;20;7;448;5;10;8
VH:G33;GGC;88;0;6;0;10;9;9;3;4;0;0;0;5;1;1;7;2;563;811;915;987;196;88;2;2;3;2;6;5;1;5;3
VH:V34;GTC;135;250;813;6;69;3;194;183;399;412;2;;1;0;24;698;564;666;9;63;49;8;9;153;139;1;106;117;3;344;895;6
VH:H35;CAC;74;0;0;20;6;0;0;0;4;23;137;6;28;5;2;3;2;11;7;5;4;6;6;3;4;8;9;7;6;3;9;3
VH:V50;GTG;60;83;377;0;5;9;4;280;1009;1273;0;4;0;0;2;689;1087;711;0;24;11;5;5;;93;3;0;3;6;38;646;4
VH:I51;ATA;74;4;338;15;22;18;736;575;167;834;117;1;13;25;26;222;165;246;366;569;797;688;767;127;144;85;566;713;19;796;201;15
VH:W52;TGG;31;3;263;763;545;16;13;23;470;21;6;2;;25;6;32;19;4;4;1;5;674;862;55;84;15;4;0;;9;32;39
VH:S53;TCA;40;0;740;513;650;3;71;4;1;569;17;6;0;10;2;4;1;11;87;4;8;6;7;24;31;10;163;112;9;2;6;9
VH:G54;GGC;40;16;0;0;4;28;1;5;8;0;7;32;4;11;5;5;9;8;0;36;22;145;119;6;22;18;2;7;48;5;6;333
VH:G55;GGA;51;14;0;54;77;6;347;107;0;72;616;4;7;21;19;43;17;543;676;548;460;142;161;3;8;139;334;374;20;25;11;105
VH:N56;AAC;38;12;75;128;5;58;168;12;4;0;19;5;2;35;8;3;5;3;3;379;430;519;433;3;4;4;147;119;11;7;3;7
VH:T57;ACA;81;20;141;157;90;8;434;65;23;113;274;874;656;11;16;7;12;702;562;552;288;709;660;45;51;115;537;597;457;24;20;181
VH:D58;GAC;30;4;4;3;94;3;1;10;3;38;0;0;3;9;2;5;0;6;94;7;6;17;6;3;4;1;6;0;3;0;2;1
VH:Y59;TAC;110;255;455;356;205;81;591;460;14;595;865;707;508;73;90;252;285;776;417;498;646;448;462;74;73;126;756;550;673;562;323;524
VH:N60;AAC;78;5;107;148;79;8;99;14;115;18;2;4;24;11;0;29;10;2;840;94;86;14;29;51;43;35;86;32;385;10;8;59
VH:T61;ACT;66;29;44;93;;26;182;77;42;105;0;6;0;22;37;67;82;192;224;124;195;20;16;30;21;8;177;230;10;13;118;84
VH:P62;CCT;96;6;6;3;11;4;3;8;12;12;3;143;;6;5;20;70;6;12;7;10;15;7;19;2;7;4;41;6;5;7;24
VH:F63;TTT;109;20;4;77;82;25;45;158;174;30;31;19;13;18;23;199;202;18;15;107;212;41;40;565;522;39;21;63;307;8;181;
VH:T64;ACC;63;16;194;156;125;20;188;211;138;68;30;23;70;11;15;103;143;553;379;168;178;123;103;95;217;232;112;156;92;4;106;68
VH:S65;TCC;126;125;158;120;288;135;135;159;97;133;105;55;249;173;139;173;137;173;182;137;133;152;149;94;141;264;157;149;168;26;177;327
VH:A95;GCA;81;;0;;;0;;;;;230;;;;;0;;0;0;83;;2;2;9;4;3;;;2;10;4;2
VH:L96;TTG;81;9;0;;;3;8;24;10;;;;;;;118;;0;393;;;2;3;5;3;13;29;;4;8;;4
VH:T97;ACC;29;18;7;22;101;3;504;4;5;;;;194;;;;;240;640;;;5;4;5;5;17;6;;5;7;7;4
VH:Y98;TAT;39;3;3;5;5;7;4;5;11;6;11;6;3;8;7;6;11;1;6;2;9;0;0;5;3;;1;4;482;11;10;12
VH:Y99;TAC;27;0;0;80;;1;0;2;0;;;;;;;;;2;39;;;3;6;4;6;104;6;;4;7;4;2
VH:D100;GAC;29;263;0;0;80;5;4;4;;;;;;;;;;0;114;;;4;2;1;7;0;;;2;4;5;19
VH:Y100a;TAC;30;0;;83;;3;3;4;2;;;;;;;;;3;0;;;3;6;2;2;101;;0;49;3;16;5
VH:E100b;GAG;42;18;30;;;3;14;6;1;;;;;;;;;;54;;;7;5;3;3;0;;;2;3;5;1
VH:F100c;TTC;94;2;0;;;1;3;0;1;;;;;;;;;1;5;;;3;6;4;4;1419;54;;68;0;5;109
VH:A101;GCT;114;;245;;32;18;41;22;5;;;;;;96;;60;17;4;18;;7;5;11;29;67;;46;5;68;3;13
VH:Y102;TAC;125;0;0;57;;3;7;7;11;;;;;;;;;2;2;;;3;4;25;9;96;4;;4;5;3;94
VL:R24;CGG;135;106;99;105;222;101;145;169;468;133;10;754;737;;68;182;194;245;444;156;256;117;190;276;320;371;84;24;258;220;362;433
VL:A25;GCC;104;1;27;855;893;8;712;976;852;2;158;738;551;4;13;946;1044;9;2;88;59;8;21;1070;971;744;725;780;87;1160;1063;981
VL:S26;AGT;71;24;173;508;264;14;;3;2;24;3;19;0;21;6;3;6;38;423;11;3;13;70;4;10;9;81;50;6;11;13;5
VL:Q27;CAG;37;4;35;61;88;3;24;27;9;;193;17;8;9;6;61;7;720;422;36;24;11;3;63;120;1047;47;17;886;6;3;1087
VL:S28;AGC;67;237;36;66;45;557;73;144;115;212;121;44;25;557;600;144;43;44;0;70;44;17;12;49;64;121;152;69;97;54;77;89
VL:I29;ATT;73;2;1;0;20;6;8;9;;0;108;3;0;9;10;8;23;0;8;47;4;6;1;3;16;18;15;30;6;9;41;146
VL:G30;GGG;90;863;179;810;1061;380;300;757;294;476;787;0;0;796;734;206;298;164;61;177;110;;79;46;81;1151;303;380;475;675;282;1255
VL:T31;ACT;80;137;30;230;;86;426;285;105;419;391;24;24;53;181;37;105;505;82;275;224;54;33;811;688;323;253;451;294;314;36;363
VL:N32;AAT;82;4;;2;17;8;38;3;14;0;1263;4;4;2;4;13;1;4;18;0;19;2;7;4;12;2;5;2;7;21;4;1
VL:I33;ATC;97;4;4;3;9;1;3;24;86;3;13;0;4;6;7;10;0;3;2;6;4;3;7;19;12;8;5;8;4;2;17;2
VL:H34;CAC;68;1;1;9;2;2;4;4;2;0;65;12;9;6;0;5;3;2;6;0;2;3;3;2;2;5;8;3;3;7;4;7
VL:Y50;TAC;38;0;7;5;0;9;7;2;2;;31;0;0;6;7;7;3;6;5;2;0;3;4;3;3;94;18;1;5;0;0;1
VL:A51;GCG;118;3;10;82;4;2;9;0;3;2;6;0;3;4;5;6;1;10;3;;90;14;5;44;4;1;148;23;7;4;1;3
VL:S52;AGC;112;2;20;3;6;27;80;47;20;111;0;10;;2;7;67;62;126;50;122;46;40;31;21;28;24;66;101;8;64;24;19
VL:E53;GAA;70;5;3;8;6;1;5;4;10;3;0;4;4;4;3;9;4;66;194;2;14;3;11;5;4;4;5;5;11;14;19;5
VL:S54;TCA;134;89;260;52;38;19;82;114;10;63;54;0;;12;2;12;27;155;49;31;73;48;45;102;115;29;67;57;69;36;9;58
VL:I55;ATT;110;2;6;3;93;4;7;9;;13;7;13;;7;0;4;69;5;4;10;0;3;4;74;63;15;2;;2;12;0;0
VL:S56;TCA;148;50;77;54;47;47;62;64;77;72;303;124;68;22;35;120;38;59;41;48;61;36;34;77;46;65;96;87;31;22;60;46
VL:Q89;CAG;84;3;0;5;4;2;3;8;2;;38;16;;12;4;3;5;10;0;7;5;8;4;2;5;5;10;4;4;2;3;4
VL:Q90;CAA;65;0;1;1;3;3;2;3;6;56;7;0;0;0;3;4;2;1;2;8;3;6;4;3;9;5;4;5;6;3;5;1
VL:N91;AAC;45;2;116;7;124;2;5;9;5;4;294;0;4;2;2;1047;903;8;4;3;4;3;6;4;5;0;8;2;2;1;1037;11
VL:N92;AAC;56;705;117;49;24;958;9;892;7;52;22;24;14;942;1101;1253;545;8;6;41;18;3;8;5;7;1;0;3;3;10;910;6
VL:N93;AAT;34;16;;449;466;7;94;8;174;52;10;6;0;5;10;6;4;1005;758;884;820;4;7;80;100;8;157;183;9;7;9;3
VL:W94;TGG;41;0;0;2;0;6;0;5;7;2;0;0;0;15;2;4;0;0;1;1;5;17;4;5;2;9;4;0;;5;44;6
VL:P95;CCT;82;10;0;1;18;7;5;5;8;2;3;68;;5;24;8;95;5;0;9;2;5;7;3;4;1;4;47;3;5;1;6
VL:T96;ACA;46;4;379;92;161;6;7;1;194;17;8;3;0;4;4;620;517;6;5;4;2;3;8;231;251;8;10;23;1;3;427;4
VL:T97;ACT;92;641;720;101;;86;1080;62;737;679;1167;3;26;81;128;1136;513;839;598;676;849;645;732;17;13;442;1180;1244;149;1400;946;356
