AA;position;distance;A;C;D;E;F;G;H;I;K;L;M;N;P;Q;R;S;T;V;W;Y
N;VH:N31;46.0;0.5288461538461539;0.10576923076923077;4.413461538461538;0.1346153846153846;0.4519230769230769;0.125;0.8365384615384616;5.3173076923076925;0.0;0.2275641025641026;0.5673076923076923;1.0;0.0;;0.14423076923076922;0.49679487179487175;4.225961538461538;6.634615384615385;0.7115384615384616;0.33653846153846156
Y;VH:Y32;68.0;0.057291666666666664;0.052083333333333336;0.10416666666666667;0.0;0.08333333333333333;0.03125;;0.14583333333333334;0.03125;0.08680555555555557;3.1770833333333335;0.75;0.14583333333333334;0.052083333333333336;6.850694444444444;0.09375;0.13541666666666666;0.06770833333333333;4.666666666666667;1.0
G;VH:G33;88.0;6.697183098591549;0.007042253521126761;5.711267605633803;3.964788732394366;0.02112676056338028;1.0;0.0;0.028169014084507043;0.0;0.03286384976525822;0.02112676056338028;0.04225352112676056;0.017605633802816902;0.0;0.025821596244131453;0.03990610328638498;0.035211267605633804;0.014084507042253521;0.035211267605633804;0.02112676056338028
V;VH:V34;135.0;0.3835616438356164;2.356164383561644;0.06164383561643835;4.561643835616438;0.0410958904109589;0.05821917808219178;0.0136986301369863;2.732876712328767;1.7123287671232876;4.924657534246576;1.2534246575342465;5.568493150684931;0.00684931506849315;2.8219178082191783;0.06164383561643835;0.952054794520548;0.2568493150684932;1.0;0.02054794520547945;0.00684931506849315
H;VH:H35;74.0;0.032846715328467155;0.021897810218978103;0.051094890510948905;0.08029197080291971;0.021897810218978103;0.043795620437956206;1.0;0.029197080291970802;0.0;0.0340632603406326;0.0;0.0;0.12408759124087591;0.1678832116788321;0.0170316301703163;0.038929440389294405;0.0948905109489051;0.025547445255474453;0.043795620437956206;0.058394160583941604
V;VH:V50;60.0;0.1881720430107527;0.40860215053763443;0.0;7.645161290322581;0.043010752688172046;0.053763440860215055;0.0;10.849462365591398;0.8924731182795699;8.68100358422939;3.010752688172043;4.053763440860215;0.021505376344086023;13.688172043010752;0.03942652329749104;0.025089605734767026;0.026881720430107527;1.0;0.06451612903225806;0.03225806451612903
I;VH:I51;74.0;4.089820359281437;4.766467065868263;2.191616766467066;1.473053892215569;0.08982035928143713;4.3562874251497;0.7005988023952096;1.0;0.023952095808383235;1.1736526946107784;3.44311377245509;2.0239520958083834;0.041916167664670656;4.994011976047904;0.1377245508982036;4.021956087824351;0.11077844311377245;0.811377245508982;0.11377245508982035;0.5089820359281437
W;VH:W52;31.0;;;;;;;;;;;;;;;;;;;;
S;VH:S53;40.0;0.05202312138728324;0.017341040462427747;0.7543352601156069;0.09537572254335261;0.07803468208092486;0.05635838150289017;0.14739884393063585;0.008670520231213874;0.0;0.031791907514450865;0.034682080924855495;6.416184971098266;0.02601156069364162;4.933526011560694;0.04335260115606936;1.0;5.041907514450867;0.2384393063583815;0.07803468208092486;0.08670520231213873
G;VH:G54;40.0;0.2196969696969697;0.03787878787878788;0.0;0.06060606060606061;2.522727272727273;1.0;0.05303030303030303;0.06060606060606061;0.12121212121212122;0.050505050505050504;0.03787878787878788;0.0;0.13636363636363635;0.0;0.1111111111111111;0.025252525252525252;0.015151515151515152;0.10606060606060606;0.36363636363636365;0.13636363636363635
G;VH:G55;51.0;3.3267326732673266;0.16501650165016502;4.462046204620462;3.5841584158415842;0.693069306930693;1.0;4.066006600660066;0.0;0.0924092409240924;0.15621562156215624;0.7062706270627063;0.0;0.036303630363036306;0.4752475247524752;0.10121012101210121;2.3212321232123214;0.43234323432343236;0.036303630363036306;0.132013201320132;0.9174917491749175
N;VH:N56;38.0;5.3933333333333335;0.09333333333333334;0.04;0.04;0.09333333333333334;6.346666666666667;0.25333333333333335;0.05333333333333334;0.16;0.048888888888888885;0.16;1.0;0.04666666666666667;0.0;0.44888888888888884;1.9288888888888887;0.8866666666666667;0.04666666666666667;0.14666666666666667;0.05333333333333334
T;VH:T57;81.0;3.4008097165991904;0.19433198380566802;4.550607287449393;5.684210526315789;1.465587044534413;5.5425101214574894;2.2186234817813766;0.1862348178137652;0.16194331983805668;0.10526315789473684;0.5263157894736842;1.1417004048582995;6.194331983805668;0.9149797570850202;0.09446693657219972;4.232118758434548;1.0;0.38866396761133604;3.700404858299595;0.9311740890688259
D;VH:D58;30.0;0.06914893617021277;0.0;1.0;0.06382978723404255;0.010638297872340425;0.12234042553191489;0.0;0.031914893617021274;0.0425531914893617;0.024822695035460994;0.10638297872340426;0.0425531914893617;0.015957446808510637;0.40425531914893614;0.04964539007092199;0.024822695035460994;0.5159574468085106;0.03723404255319149;0.031914893617021274;0.010638297872340425
Y;VH:Y59;110.0;4.5396825396825395;4.4603174603174605;3.3095238095238093;6.158730158730159;4.158730158730159;3.611111111111111;6.865079365079365;0.1111111111111111;2.0238095238095237;2.2751322751322753;3.6507936507936507;3.611111111111111;4.821428571428571;4.722222222222222;0.6455026455026455;5.018518518518519;2.2261904761904763;0.5833333333333334;5.341269841269841;1.0
N;VH:N60;78.0;0.8411214953271028;0.09345794392523364;7.850467289719626;0.018691588785046728;0.5514018691588785;0.20093457943925233;0.018691588785046728;1.074766355140187;0.04672897196261682;0.14641744548286603;0.1308411214953271;1.0;0.1308411214953271;0.16822429906542055;0.059190031152647975;0.67601246105919;1.060747663551402;0.4392523364485981;3.5981308411214954;0.32710280373831774
T;VH:T61;66.0;1.7150537634408602;0.13978494623655913;2.4086021505376345;2.064516129032258;0.9032258064516129;0.1935483870967742;0.0;0.45161290322580644;0.3118279569892473;0.956989247311828;0.8279569892473119;0.4731182795698925;0.03225806451612903;1.1290322580645162;0.3046594982078853;2.111111111111111;1.0;0.27419354838709675;0.10752688172043011;0.08602150537634409
P;VH:P62;96.0;0.05944055944055944;0.03496503496503497;0.08391608391608392;0.04195804195804196;0.16783216783216784;0.07692307692307693;0.02097902097902098;0.08391608391608392;0.04195804195804196;0.2261072261072261;0.055944055944055944;0.04195804195804196;1.0;0.08391608391608392;0.03496503496503497;0.11188811188811189;0.04895104895104895;0.07342657342657342;0.04195804195804196;0.04895104895104895
F;VH:F63;109.0;;;;;;;;;;;;;;;;;;;;
T;VH:T64;63.0;1.2313167259786477;0.028469750889679714;2.697508896797153;3.9359430604982206;0.48398576512455516;0.8042704626334519;0.21352313167259787;0.9822064056939501;0.11387900355871886;0.8351126927639383;1.501779359430605;1.3807829181494662;0.3309608540925267;0.48398576512455516;0.10913404507710558;1.0818505338078293;1.0;1.1103202846975089;0.6548042704626335;1.6512455516014235
S;VH:S65;126.0;0.9183673469387755;0.17687074829931973;1.2380952380952381;1.1768707482993197;2.2244897959183674;1.0238095238095237;0.7142857142857143;0.6598639455782312;0.8503401360544217;1.1043083900226758;1.0816326530612246;1.0748299319727892;1.034013605442177;0.9047619047619048;1.0136054421768708;1.0;1.3877551020408163;0.7993197278911565;1.1428571428571428;1.7959183673469388
A;VH:A95;81.0;1.0;0.12048192771084337;0.0;0.0;0.024096385542168676;0.024096385542168676;2.7710843373493974;;;0.024096385542168676;;0.0;;;0.0;;;0.0783132530120482;0.024096385542168676;0.03614457831325301
L;VH:L96;81.0;;0.06779661016949153;3.330508474576271;0.0;0.03389830508474576;0.0211864406779661;;0.0847457627118644;0.07627118644067797;1.0;0.2033898305084746;0.0;;;0.025423728813559324;0.15677966101694915;;0.03389830508474576;0.03389830508474576;0.11016949152542373
T;VH:T97;29.0;;0.11382113821138211;10.40650406504065;3.902439024390244;0.06504065040650407;0.07317073170731707;;0.08130081300813008;0.2926829268292683;0.11382113821138211;0.06504065040650407;0.11382113821138211;3.154471544715447;;0.04878048780487805;4.146341463414634;1.0;0.08130081300813008;0.08130081300813008;0.2764227642276423
Y;VH:Y98;39.0;;;;;;;;;;;;;;;;;;;;
Y;VH:Y99;27.0;;0.0673076923076923;0.375;0.019230769230769232;0.019230769230769232;0.04326923076923077;;0.0;0.0;0.038461538461538464;0.019230769230769232;0.0;;;0.009615384615384616;0.028846153846153848;0.7692307692307693;0.04807692307692308;0.038461538461538464;1.0
D;VH:D100;29.0;;0.03508771929824561;1.0;0.0;0.16666666666666666;0.02631578947368421;;;2.307017543859649;0.043859649122807015;0.03508771929824561;0.0;;;0.043859649122807015;0.03508771929824561;0.3508771929824561;0.03508771929824561;0.017543859649122806;0.0
Y;VH:Y100a;30.0;;0.0297029702970297;0.0;0.0297029702970297;0.04950495049504951;0.04455445544554455;;0.019801980198019802;0.0;0.15841584158415842;0.039603960396039604;;;;0.0297029702970297;0.01485148514851485;0.8217821782178217;0.019801980198019802;0.48514851485148514;1.0
E;VH:E100b;42.0;;;;;;;;;;;;;;;;;;;;
F;VH:F100c;94.0;;0.0;0.045871559633027525;0.009174311926605505;1.0;0.04128440366972477;;0.009174311926605505;0.01834862385321101;0.045871559633027525;0.0;0.0;;;0.009174311926605505;0.26146788990825687;;0.03669724770642202;0.6238532110091743;13.01834862385321
A;VH:A101;114.0;1.0;3.7777777777777777;0.2222222222222222;0.9444444444444444;0.7222222222222222;0.3333333333333333;;0.2777777777777778;;1.75;1.2222222222222223;13.61111111111111;;;3.1666666666666665;2.4166666666666665;1.7777777777777777;1.1111111111111112;0.2777777777777778;3.7222222222222223
Y;VH:Y102;125.0;;0.052083333333333336;0.020833333333333332;0.020833333333333332;0.9791666666666666;0.036458333333333336;;0.11458333333333333;0.0;0.03125;0.07291666666666667;0.0;;;0.03125;0.057291666666666664;0.59375;0.17708333333333334;0.041666666666666664;1.0
R;VL:R24;135.0;2.437869822485207;2.603550295857988;5.254437869822485;2.899408284023669;5.124260355029586;1.816568047337278;0.11834319526627218;5.538461538461538;1.2544378698224852;2.911242603550296;2.0;1.1715976331360947;8.822485207100591;1.5739644970414202;1.0;0.9980276134122288;1.9349112426035502;3.526627218934911;3.0532544378698225;4.390532544378698
A;VL:A25;104.0;1.0;15.782312925170068;0.027210884353741496;0.12244897959183673;13.346938775510203;0.19727891156462585;2.1496598639455784;11.591836734693878;0.013605442176870748;13.845804988662131;13.27891156462585;0.3673469387755102;8.768707482993197;0.027210884353741496;0.11337868480725624;10.054421768707483;11.891156462585034;13.884353741496598;1.183673469387755;10.122448979591837
S;VL:S26;71.0;0.10687022900763359;0.16793893129770993;6.458015267175573;0.5801526717557252;0.07633587786259542;0.6335877862595419;0.04580152671755725;0.030534351145038167;0.366412213740458;0.11195928753180662;0.04580152671755725;2.6412213740458017;0.1450381679389313;0.366412213740458;0.20865139949109412;1.0;5.893129770992366;0.10687022900763359;0.0916030534351145;0.13740458015267176
Q;VL:Q27;37.0;;;;;;;;;;;;;;;;;;;;
S;VL:S28;67.0;0.5816326530612245;0.5510204081632653;0.0;0.4489795918367347;0.9081632653061225;0.14795918367346939;1.2346938775510203;1.1734693877551021;2.4183673469387754;0.8979591836734694;1.469387755102041;0.3673469387755102;0.3520408163265306;2.163265306122449;5.829931972789116;1.0;0.5663265306122449;0.576530612244898;0.9897959183673469;1.2346938775510203
I;VL:I29;73.0;;;;;;;;;;;;;;;;;;;;
G;VL:G30;90.0;1.8164556962025316;8.544303797468354;0.7721518987341772;2.0759493670886076;15.886075949367088;1.0;9.962025316455696;3.721518987341772;10.924050632911392;3.3164556962025316;9.582278481012658;2.2658227848101267;0.0;6.025316455696203;8.059071729957806;4.147679324894515;11.841772151898734;0.8037974683544303;6.012658227848101;14.569620253164556
T;VL:T31;80.0;1.0847826086956522;1.3652173913043477;0.3565217391304348;2.1956521739130435;1.5782608695652174;0.1891304347826087;1.7;0.45652173913043476;0.5956521739130435;0.2579710144927536;1.2391304347826086;0.13043478260869565;0.10434782608695652;1.8217391304347825;0.463768115942029;1.63768115942029;1.0;3.258695652173913;1.2782608695652173;1.4043478260869566
N;VL:N32;82.0;;;;;;;;;;;;;;;;;;;;
I;VL:I33;97.0;0.05813953488372093;0.023255813953488372;0.023255813953488372;0.03488372093023256;0.023255813953488372;0.05813953488372093;0.1511627906976744;1.0;0.046511627906976744;0.10465116279069768;0.27906976744186046;0.046511627906976744;0.023255813953488372;0.03488372093023256;0.054263565891472874;0.06201550387596899;0.06976744186046512;0.18023255813953487;0.046511627906976744;0.09302325581395349
H;VL:H34;68.0;0.015384615384615385;0.1076923076923077;0.09230769230769231;0.03076923076923077;0.1076923076923077;0.046153846153846156;1.0;0.03076923076923077;0.015384615384615385;0.06153846153846154;0.06153846153846154;0.015384615384615385;0.16153846153846155;0.0;0.041025641025641026;0.07692307692307693;0.08461538461538462;0.03076923076923077;0.046153846153846156;0.07692307692307693
Y;VL:Y50;38.0;0.010638297872340425;0.0;0.05319148936170213;0.06382978723404255;0.010638297872340425;0.03723404255319149;0.32978723404255317;0.02127659574468085;0.0;0.03546099290780142;0.02127659574468085;0.07446808510638298;0.0;;0.07801418439716312;0.09219858156028368;0.026595744680851064;0.031914893617021274;0.05319148936170213;1.0
A;VL:A51;118.0;1.0;0.044444444444444446;0.03333333333333333;0.1111111111111111;0.03333333333333333;0.10555555555555556;0.06666666666666667;0.03333333333333333;0.03333333333333333;0.029629629629629627;0.0;0.1111111111111111;0.016666666666666666;0.022222222222222223;0.04074074074074074;0.6666666666666666;0.4777777777777778;0.26666666666666666;0.07777777777777778;0.011111111111111112
S;VL:S52;112.0;1.0202429149797572;0.7773279352226721;0.6072874493927126;1.5303643724696356;0.23076923076923078;0.4311740890688259;0.0;0.24291497975708504;0.024291497975708502;0.6194331983805669;0.5708502024291499;0.24291497975708504;0.12145748987854252;1.348178137651822;0.14574898785425103;1.0;0.05465587044534413;0.2975708502024292;0.09716599190283401;0.29149797570850206
E;VL:E53;70.0;0.12121212121212122;0.21212121212121213;2.9393939393939394;1.0;0.07575757575757576;0.10606060606060606;0.0;0.15151515151515152;0.07575757575757576;0.1616161616161616;0.06060606060606061;0.045454545454545456;0.06060606060606061;0.045454545454545456;0.0404040404040404;0.07575757575757576;0.10606060606060606;0.06818181818181818;0.16666666666666666;0.06060606060606061
S;VL:S54;134.0;0.7572815533980582;0.5242718446601942;0.7135922330097086;2.257281553398058;0.8446601941747572;0.6771844660194174;0.7864077669902912;0.14563106796116504;1.2961165048543688;0.23300970873786406;1.6601941747572815;3.786407766990291;0.0;0.9174757281553397;0.16019417475728154;1.0;0.6553398058252426;1.5800970873786406;1.0048543689320388;0.4223300970873786
I;VL:I55;110.0;;;;;;;;;;;;;;;;;;;;
S;VL:S56;148.0;0.6673469387755102;0.2693877551020408;0.5020408163265306;0.7224489795918367;0.563265306122449;0.42857142857142855;3.7102040816326527;0.9428571428571428;0.6122448979591837;0.889795918367347;0.7836734693877551;0.9428571428571428;1.1755102040816325;0.8816326530612244;0.4244897959183673;1.0;0.6183673469387755;0.7530612244897958;0.3795918367346939;0.7959183673469388
Q;VL:Q89;84.0;;;;;;;;;;;;;;;;;;;;
Q;VL:Q90;65.0;0.09821428571428571;0.05357142857142857;0.03571428571428571;0.017857142857142856;0.017857142857142856;0.08928571428571429;0.125;0.10714285714285714;0.0;0.06547619047619048;0.05357142857142857;0.017857142857142856;0.0;1.0;0.03571428571428571;0.06547619047619048;0.03571428571428571;0.10714285714285714;0.10714285714285714;0.08928571428571429
N;VL:N91;45.0;0.03017241379310345;0.008620689655172414;0.034482758620689655;0.06896551724137931;0.09482758620689655;0.03879310344827586;2.5344827586206895;0.04310344827586207;0.017241379310344827;8.583333333333332;0.07758620689655173;1.0;0.017241379310344827;0.034482758620689655;0.017241379310344827;0.04310344827586207;0.5646551724137931;0.03879310344827586;0.017241379310344827;0.0
N;VL:N92;56.0;0.25213675213675213;0.08547008547008547;0.05128205128205128;0.06837606837606838;0.05128205128205128;0.04700854700854701;0.18803418803418803;0.05982905982905983;6.0256410256410255;7.715099715099715;7.6239316239316235;1.0;0.1623931623931624;0.4444444444444444;8.54985754985755;0.03418803418803419;0.31196581196581197;0.05128205128205128;0.02564102564102564;0.008547008547008548
N;VL:N93;34.0;;;;;;;;;;;;;;;;;;;;
W;VL:W94;41.0;;;;;;;;;;;;;;;;;;;;
P;VL:P95;82.0;0.08088235294117647;0.07352941176470588;0.0;0.07352941176470588;0.08823529411764706;0.08823529411764706;0.04411764705882353;0.11764705882352941;0.14705882352941177;0.5098039215686274;0.07352941176470588;0.0;1.0;0.029411764705882353;0.17647058823529413;0.27450980392156865;0.13970588235294118;0.051470588235294115;0.04411764705882353;0.014705882352941176
T;VL:T96;46.0;0.023715415019762844;0.023715415019762844;0.039525691699604744;0.04743083003952569;0.03162055335968379;0.043478260869565216;0.06324110671936758;1.533596837944664;0.03162055335968379;4.121212121212121;0.007905138339920948;2.9960474308300395;0.011857707509881422;0.13438735177865613;0.03689064558629776;0.10540184453227933;1.0;1.9051383399209487;0.007905138339920948;0.06324110671936758
T;VL:T97;92.0;7.5495049504950495;13.861386138613861;5.920792079207921;8.306930693069306;3.5247524752475248;6.816831683168317;11.554455445544555;7.297029702970297;6.346534653465347;8.564356435643564;0.6138613861386139;7.128712871287129;0.14356435643564355;6.7227722772277225;0.9735973597359735;11.564356435643564;1.0;0.1485148514851485;1.4752475247524752;4.376237623762377
